{"cameraMode":{"drawMode":0,"name":"Shaded","section":"Shading Mode"},"sceneLighting":true,"audioPlay":false,"sceneViewState":{"showFog":true,"showMaterialUpdate":false,"showSkybox":true,"showFlares":true,"showImageEffects":true,"showParticleSystems":true},"in2DMode":false,"pivot":{"x":-1.148698091506958,"y":-0.5283070206642151,"z":95.16767120361328},"rotation":{"x":-0.015309292823076249,"y":0.006594372447580099,"z":-0.00010112280870089307,"w":-0.9998610615730286},"size":101.82624816894531,"orthographic":false}