{"cameraMode":{"drawMode":0,"name":"Shaded","section":"Shading Mode"},"sceneLighting":true,"audioPlay":false,"sceneViewState":{"showFog":true,"showMaterialUpdate":false,"showSkybox":true,"showFlares":true,"showImageEffects":true,"showParticleSystems":true},"in2DMode":false,"pivot":{"x":13.730079650878907,"y":-3.560058116912842,"z":13.21990966796875},"rotation":{"x":-0.1103595718741417,"y":-0.29439765214920046,"z":0.03424735739827156,"w":-0.9486716985702515},"size":32.908111572265628,"orthographic":false}