{"cameraMode":{"drawMode":0,"name":"Shaded","section":"Shading Mode"},"sceneLighting":true,"audioPlay":false,"sceneViewState":{"showFog":true,"showMaterialUpdate":false,"showSkybox":true,"showFlares":true,"showImageEffects":true,"showParticleSystems":true},"in2DMode":false,"pivot":{"x":29.272724151611329,"y":-6.9168701171875,"z":3.540771484375},"rotation":{"x":-0.11690957099199295,"y":-0.0470614917576313,"z":0.00554618937894702,"w":-0.9920114278793335},"size":-15.489251136779786,"orthographic":false}