{"cameraMode":{"drawMode":0,"name":"Shaded","section":"Shading Mode"},"sceneLighting":true,"audioPlay":false,"sceneViewState":{"showFog":true,"showMaterialUpdate":false,"showSkybox":true,"showFlares":true,"showImageEffects":true,"showParticleSystems":true},"in2DMode":false,"pivot":{"x":-10.261067390441895,"y":-1.8412516117095948,"z":82.84677124023438},"rotation":{"x":-0.016792861744761468,"y":-0.044383469969034198,"z":0.0007460112683475018,"w":-0.9988731741905212},"size":110.70497131347656,"orthographic":false}