{"cameraMode":{"drawMode":0,"name":"Shaded","section":"Shading Mode"},"sceneLighting":true,"audioPlay":false,"sceneViewState":{"showFog":true,"showMaterialUpdate":false,"showSkybox":true,"showFlares":true,"showImageEffects":true,"showParticleSystems":true},"in2DMode":false,"pivot":{"x":-0.835211992263794,"y":-23.036827087402345,"z":101.19898986816406},"rotation":{"x":0.031180448830127717,"y":0.017085926607251169,"z":0.0005330259446054697,"w":-0.9993675947189331},"size":22.573200225830079,"orthographic":false}