{"cameraMode":{"drawMode":0,"name":"Shaded","section":"Shading Mode"},"sceneLighting":true,"audioPlay":false,"sceneViewState":{"showFog":true,"showMaterialUpdate":false,"showSkybox":true,"showFlares":true,"showImageEffects":true,"showParticleSystems":true},"in2DMode":false,"pivot":{"x":-45.17498779296875,"y":9.435165405273438,"z":3.4372377395629885},"rotation":{"x":-0.008309058845043183,"y":-0.012902618385851384,"z":0.00009772359044291079,"w":-0.9998822212219238},"size":44.41265106201172,"orthographic":false}