{"cameraMode":{"drawMode":0,"name":"Shaded","section":"Shading Mode"},"sceneLighting":true,"audioPlay":false,"sceneViewState":{"showFog":true,"showMaterialUpdate":false,"showSkybox":true,"showFlares":true,"showImageEffects":true,"showParticleSystems":true},"in2DMode":false,"pivot":{"x":99.45668029785156,"y":15.988120079040528,"z":52.271759033203128},"rotation":{"x":0.01380781177431345,"y":-0.2298079878091812,"z":-0.0032704011537134649,"w":-0.9731325507164002},"size":125.09756469726563,"orthographic":false}