{"cameraMode":{"drawMode":0,"name":"Shaded","section":"Shading Mode"},"sceneLighting":true,"audioPlay":false,"sceneViewState":{"showFog":true,"showMaterialUpdate":false,"showSkybox":true,"showFlares":true,"showImageEffects":true,"showParticleSystems":true},"in2DMode":false,"pivot":{"x":69.34585571289063,"y":9.81925106048584,"z":3.4302632808685304},"rotation":{"x":-0.06590985506772995,"y":-0.1588684767484665,"z":0.01062021218240261,"w":-0.9850400686264038},"size":2.9900031089782717,"orthographic":false}